programm;foerderelement;foerderjahr;bewilligungsstelle;antraege;bewilligt;abgelehnt;foerdervolumen_euro;herkunft;konflikt;ablehnungsgruende;quelle_id;quelle_seite
Starke Heimat Nordrhein-Westfalen;Heimat-Fonds;2018;Arnsberg;7;4;3;;gezaehlt;;"{""entspricht nicht den Förderkriterien"": 2, ""nicht antragsberechtigt"": 1}";drs-17-9738;58
Starke Heimat Nordrhein-Westfalen;Heimat-Fonds;2018;Detmold;6;6;0;;gezaehlt;;{};drs-17-9738;85
Starke Heimat Nordrhein-Westfalen;Heimat-Fonds;2018;Düsseldorf;2;2;0;;gezaehlt;;{};drs-17-9738;30
Starke Heimat Nordrhein-Westfalen;Heimat-Fonds;2018;Köln;4;4;0;;gezaehlt;;{};drs-17-9738;39
Starke Heimat Nordrhein-Westfalen;Heimat-Fonds;2018;Münster;5;3;2;;gezaehlt;;"{""entspricht nicht den Förderkriterien"": 1, ""Übernahme in die Dorferneuerung"": 1}";drs-17-9738;131
Starke Heimat Nordrhein-Westfalen;Heimat-Preis;2018;Arnsberg;16;16;0;;gezaehlt;;{};drs-17-9738;55
Starke Heimat Nordrhein-Westfalen;Heimat-Preis;2018;Detmold;9;9;0;;gezaehlt;;{};drs-17-9738;85
Starke Heimat Nordrhein-Westfalen;Heimat-Preis;2018;Düsseldorf;8;8;0;;gezaehlt;;{};drs-17-9738;102
Starke Heimat Nordrhein-Westfalen;Heimat-Preis;2018;Köln;17;16;1;;gezaehlt;;"{""Antrag zurückgezogen"": 1}";drs-17-9738;115
Starke Heimat Nordrhein-Westfalen;Heimat-Preis;2018;Münster;2;2;0;;gezaehlt;;{};drs-17-9738;131
Starke Heimat Nordrhein-Westfalen;Heimat-Scheck;2018;Arnsberg;360;229;131;;gezaehlt;;"{""vereinsintern"": 66, ""entspricht nicht den Förderkriterien"": 44, ""vereinsintern, entspricht nicht den Förderkriterien"": 4, ""vorzeitiger Maßnahmebeginn"": 3, ""Freie Wählergemeinschaft, entspricht nicht den Förderkriterien"": 1, ""vereinsintere Maßnahme"": 1, ""kein konkretes Projekt"": 1, ""2. Antrag in 2019"": 1, ""kein besonderes Heimatprojekt - bereits 1. Scheck für dieselbe Maßnahme vergeben"": 1, ""vereinstintern"": 1, ""Planungskosten nicht förderfähig"": 1, ""wiederkehrend"": 1, ""Teil eines Gesamtprojektes, welches bereits durch den HSK gefördert wurde"": 1, ""vereinsinterne Maßnahme"": 1, ""entspricht nicht den Förderkriterien, reine Instandhaltungsmaßnahme"": 1, ""Förderung durch Stadt"": 1, ""vorz. Maßnahmebeginn"": 1, ""vereinsintern, mobiliar"": 1}";drs-17-9738;84
Starke Heimat Nordrhein-Westfalen;Heimat-Scheck;2018;Detmold;231;161;70;;gezaehlt;;"{""entspricht nicht den Förderkriterien"": 50, ""vereinsübliche Ausstattung"": 9, ""Sanierung / Instandhaltung"": 3, ""entspricht nicht den Förderkriterien / vereinsübliche Ausstattung"": 3, ""regelmäßige Tätigkeit des Vereins / laufende Betriebs- und Personalkosten"": 1, ""förderfähige Ausgaben zu gering"": 1, ""Antrag wurde zurückgezogen"": 1, ""entspricht nicht den Förderkriterien / Sanierung / Instandhaltung"": 1, ""Beginn der Maßnahme vor Bewilligung"": 1}";drs-17-9738;85
Starke Heimat Nordrhein-Westfalen;Heimat-Scheck;2018;Düsseldorf;231;135;96;;gezaehlt;;"{""entspricht nicht den Förderkriterien"": 25, ""Vereinseigene Ausstattung"": 8, ""Vereinsübliche Ausstattung"": 4, ""Vereinsübliche Ausstattung/ Rosenmontagszug"": 2, ""entspricht nicht den Förderkriterien / Ausrichtung Reitturnier"": 1, ""Karnevalskostüme Musikverein,vereinsübliche Ausstattung"": 1, ""entspricht nicht den Förderkriterien/ Fehlende Kostenaufstellung"": 1, ""Anschaffung neuer Uniformen/ Vereinsübliche Ausstattung"": 1, ""Vereinsübliche Ausstattung/ Uniformen"": 1, ""Vereinsübliche Ausstattung / Toilette für Sportverein"": 1, ""Vereinseigene Ausstattung/Sanierung Schützenheim"": 1, ""Vereinseigene Ausstattung / Schönheitsreparaturen Vereinsheim"": 1, ""Vereinseigene Ausstattung/ Kinderkostüme Karneval"": 1, ""Vereinseigene Ausstatung/Sanierung Vogelhochstand"": 1, ""entspricht nicht den Förderkriterien/ Kulturförderung"": 1, ""Vereinseigene Ausstattung/ Kostüm Marschkapelle"": 1, ""entspricht nicht den Förderkriterien/ Vereinsübliche Ausstattung"": 1, ""Vereinsübliche Ausstattung/ Tanzworkshop"": 1, ""Personalaufwendungen, entspricht nicht den Förderkriterien"": 1, ""Veranstaltung Schützenfest, vereinseigen"": 1, ""entspricht nicht den Förderkriterien/ Spielplatzerweiterung"": 1, ""Vereinseigene Ausstatung/Vereinstrikot"": 1, ""Vereinseigene Ausstattung/ Weihnachtsfeier"": 1, ""Beantragung allgemeiner Veranstaltungskosten (Weihnachtsmarkt). entspricht nicht den Förderkriterien"": 1, ""Vereinseigene Sportveranstaltung"": 1, ""Vereinsveranstaltung/ Reitturnier"": 1, ""Anschaffung von Uniformen / Vereinseigene Ausstattung"": 1, ""Vereinseigene Ausstattung/Anschaffung Schießanlage"": 1, ""Vereinsübliche Ausstattung/ entspricht nicht den Förderkriterien"": 1, ""Anschaffung für gewerbliche Veranstaltungen"": 1, ""Vorzeitiger Maßnahmebeginn"": 1, ""entspricht nicht den Förderkriterien Anschaffung Werbemittel zur gewerblichen Nutzung"": 1, ""Vereinseigene Ausstattung/ Spielplatzerweiterung"": 1, ""Vereinseigene Ausstattung/ Homepage"": 1, ""Anschaffung vereinseigene Ausstattung"": 1, ""Fehlende Antragsberechtigung/ Antragsteller hat bereits weiteren Heimat-Scheck erhalten"": 1, ""entspricht nicht den Förderkriterien, nicht antragsberechtigt"": 1, ""entspricht nicht den Förderkriterien/ Anschaffung von Gießkannen für den"": 1, ""Vereinsübliche Anschaffung/ Kostüme"": 1, ""Fehlende Kostenaufstellung"": 1, ""Sanierung Vereinsheim, entspricht nicht den Förderkriterien"": 1, ""Vereinsübliche Aussattung"": 1, ""entspricht nicht den Förderkriterien/ Wiederkehrende gewerblicheVeranstaltung"": 1, ""Vereinseigene Ausstattung Karnevalsuniformen"": 1, ""Vereinseigene Ausstattung/ Homepage Turnverein"": 1, ""Vereinseigene/übliche Ausstattung"": 1, ""unvollständige Antragsunterlagen"": 1, ""Vereinseigene Ausstattung / Luftgewehr"": 1, ""entspricht nicht den Förderkriterien/ Regelmäßige Veranstaltung"": 1, ""entspricht nicht den Förderkriterien / fehlende Kostenaufstellung"": 1, ""entspricht nicht den Förderkriterien/ Vereinseigene Veranstaltung"": 1, ""Vereinseigene Ausstattung/ Neugestaltung des Aufenthaltraums"": 1, ""Vereinseigene Ausstattung/ Renovierung des Schießstandes"": 1, ""entspricht nicht den Förderkriterienest"": 1, ""Vereinsübliche Ausstattung/ Beleuchtung Wagenhalle"": 1, ""Vereinsübliche Ausstattung/ Sanierung Boden Reithalle"": 1, ""Vereinseigene Ausstattung/ Kinderuniformen"": 1, ""Anschaffungskosten für EDV zur gewerblichen Nutzung"": 1, ""fehlende Kostenaufstellung"": 1, ""Vereinsübliche Ausstattung/Mannschaftsbu s"": 1, ""entspricht nicht den Förderkriterien/ Anschaffung Vereinsüblicher Ausstattung"": 1}";drs-17-9738;27
Starke Heimat Nordrhein-Westfalen;Heimat-Scheck;2018;Köln;309;162;147;;gezaehlt;;"{""entspricht nicht den Förderkriterien"": 78, ""Vereinsausstattung"": 64, ""Umsetzung nicht in NRW"": 1, ""regelmäßige Veranstaltung"": 1, ""andere öffentl. Förderung"": 1, ""Laufzeit von 24 Monaten"": 1, ""Vorzeitig begonnen"": 1}";drs-17-9738;34
Starke Heimat Nordrhein-Westfalen;Heimat-Scheck;2018;Münster;152;127;25;;gezaehlt;;"{""vereinseigene Ausstattung"": 10, ""entspricht nicht den Förderkriterien"": 10, ""keine Antragsberechtigung (Schuleinrichtung)"": 1, ""vorzeitiger Maßnahmenbeginn"": 1, ""Zweitantrag"": 1, ""keine Antragsberechtigung"": 1, ""vereinseigene Ausstattung und Personalkosten"": 1}";drs-17-9738;46
Starke Heimat Nordrhein-Westfalen;Heimat-Werkstatt;2018;Arnsberg;5;2;3;;gezaehlt;;"{""entspricht nicht den Förderkriterien"": 3}";drs-17-9738;5
Starke Heimat Nordrhein-Westfalen;Heimat-Werkstatt;2018;Detmold;1;0;1;;gezaehlt;;"{""Voraussetzungen der Fördergrundsätze \""Heimat- Werkstatt\"" nicht erfüllt"": 1}";drs-17-9738;95
Starke Heimat Nordrhein-Westfalen;Heimat-Werkstatt;2018;Düsseldorf;5;2;3;;gezaehlt;;"{""Erneuerung Flutlichtanlage; Sportstättenförderung, entspricht nicht den Förderkriterien"": 1, ""Kein ergebnisoffenes Projekt, keine Möglichkeit der Bürgereinbindung, kein offener Diskurs"": 1, ""Fördergrundsätze der Heimat-Werkstatt sind nicht erfüllt; kein ergebnisoffenes Projekt"": 1}";drs-17-9738;104
Starke Heimat Nordrhein-Westfalen;Heimat-Werkstatt;2018;Köln;1;1;0;;gezaehlt;;{};drs-17-9738;41
Starke Heimat Nordrhein-Westfalen;Heimat-Werkstatt;2018;Münster;2;2;0;;gezaehlt;;{};drs-17-9738;132
Starke Heimat Nordrhein-Westfalen;Heimat-Zeugnis;2018;Arnsberg;20;9;11;;gezaehlt;;"{""entspricht nicht den Förderkriterien"": 5, ""entspricht nicht den Förderkriterien, fehlende Projektarbeit und ausschließlich Sanierungskosten"": 1, ""entspricht nicht den Förderkriterien und fehlende Projektarbeit - Wechsel zum Fond angeboten"": 1, ""reine Sanierung"": 1, ""Abgabe an die Dorfereneuerung"": 1, ""Fehlende Projektarbeit und ausschließlich Sanierungskosten"": 1, ""entspricht nicht den Förderkriterien und fehlende Projektarbeit"": 1}";drs-17-9738;55
Starke Heimat Nordrhein-Westfalen;Heimat-Zeugnis;2018;Detmold;3;2;1;;gezaehlt;;"{""gewerblich-kommerzielle Nutzung / keine Aufarbeitung und Präsentation lokaler und regionaler Besonderheiten"": 1}";drs-17-9738;17
Starke Heimat Nordrhein-Westfalen;Heimat-Zeugnis;2018;Düsseldorf;7;1;6;;gezaehlt;;"{""entspricht nicht den Förderkriterien"": 1, ""entspricht nicht den Förderkriterien, reine Baumaßnahme zur Schaffung eines neuen Archivgebäudes"": 1, ""reine denkmalgerechte Sanierung, kein nachhaltiges Nutzungskonzept zum Thema Heimat"": 1, ""Reine denkmalgerechte Sanierung eines hist. Gebäudes ohne Konzept zur Erlebbarmachung"": 1, ""Reine Wirtschaftsförderung, entspricht nicht den Förderkriterien"": 1, ""Rücknahme des Antrages; entspricht nicht den Förderkriterien"": 1}";drs-17-9738;102
Starke Heimat Nordrhein-Westfalen;Heimat-Zeugnis;2018;Köln;9;6;3;;gezaehlt;;"{""entspricht nicht den Förderkriterien"": 2, ""vorzeitiger Maßnahmenbeginn"": 1}";drs-17-9738;116
Starke Heimat Nordrhein-Westfalen;Heimat-Zeugnis;2018;Münster;7;3;4;;gezaehlt;;"{""entspricht nicht den Förderkriterien"": 3, ""keine Förderung von reinen Planungskosten"": 1}";drs-17-9738;47
Starke Heimat Nordrhein-Westfalen;unbekannt;2018;Köln;1;0;1;;gezaehlt;;"{""entspricht nicht den Förderkriterien"": 1}";drs-17-9738;43
Starke Heimat Nordrhein-Westfalen;Heimat-Fonds;2019;Arnsberg;9;9;0;;gezaehlt;;{};drs-17-9738;54
Starke Heimat Nordrhein-Westfalen;Heimat-Fonds;2019;Düsseldorf;13;6;7;;gezaehlt;;"{""als Verein nicht antragsberechtigt für den Heimat-Fonds/ vereinsübliche Ausstattung"": 1, ""Als Anstalt des öffentlichen Rechts nicht antragsberechtigt für den Heimat-Fonds"": 1, ""Antrag zurückgezogen"": 1, ""Als Verein nicht antragsberechtigt für den Heimat-Fonds/ Siehe lfd. Nr. 15 in Bewilligungen 2019, Antrag wurde durch Stadt Grevenbroich übernommen"": 1, ""Kunst- und Kulturveranstaltung/ Es wird in keinerlei Bezug zum Heimatförderprogramm genommen"": 1, ""entspricht nicht den Förderkriterien"": 1, ""Als Verein nicht antragsberechtigt für den Heimat-Fonds"": 1}";drs-17-9738;104
Starke Heimat Nordrhein-Westfalen;Heimat-Fonds;2019;Köln;8;6;2;;gezaehlt;;"{""entspricht nicht den Förderkriterien"": 2}";drs-17-9738;116
Starke Heimat Nordrhein-Westfalen;Heimat-Fonds;2019;Münster;12;10;2;;gezaehlt;;"{""Zurückgenommen - LEADER Förderung"": 1, ""Maßnahme bereits begonnen"": 1}";drs-17-9738;131
Starke Heimat Nordrhein-Westfalen;Heimat-Preis;2019;Arnsberg;29;29;0;;gezaehlt;;{};drs-17-9738;54
Starke Heimat Nordrhein-Westfalen;Heimat-Preis;2019;Detmold;22;22;0;;gezaehlt;;{};drs-17-9738;86
Starke Heimat Nordrhein-Westfalen;Heimat-Preis;2019;Düsseldorf;24;24;0;;gezaehlt;;{};drs-17-9738;102
Starke Heimat Nordrhein-Westfalen;Heimat-Preis;2019;Köln;26;26;0;;gezaehlt;;{};drs-17-9738;116
Starke Heimat Nordrhein-Westfalen;Heimat-Preis;2019;Münster;25;25;0;;gezaehlt;;{};drs-17-9738;132
Starke Heimat Nordrhein-Westfalen;Heimat-Scheck;2019;Arnsberg;485;269;216;;gezaehlt;;"{""entspricht nicht den Förderkriterien"": 84, ""vereinsintern"": 56, ""Antrag nicht prüffähig"": 13, ""vereinsintern, entspricht nicht den Förderkriterien"": 11, ""vorzeitiger Maßnahmebeginn"": 8, ""entspricht nicht den Förderkriterien, vereinsintern"": 6, ""Mobiliar"": 5, ""Gesamtkosten zu hoch"": 3, ""wiederkehrende Veranstaltung"": 2, ""Bereits einen Scheck für 2019 gestellt"": 2, ""vereinsintern, Pflichtaufgabe"": 2, ""entspricht nicht den Förderkriterien, Mobiliar"": 2, ""entspricht nicht den Förderkriterien, nicht antragsberechtigt"": 1, ""wiederkehrend, entspricht nicht den Förderkriterien"": 1, ""nicht antragsberechtigt, Eigenbetrieb der Stadt"": 1, ""vereinsintern, entspricht nicht den Förderkriterien, lfd. Betriebskosten"": 1, ""Teil eines anderweitig geförderten Gesamtprojektes"": 1, ""laufende Personalkosten"": 1, ""zu hohe Einnahmen"": 1, ""vereinsintern/entspricht nicht den Förderkriterien"": 1, ""entspricht nicht den Förderkriterien, Doppelförderung"": 1, ""Instandsetzung"": 1, ""Teil eines anderweitig geförderten Projektes"": 1, ""reine Sanierung / Instandhaltungsmaßnahme"": 1, ""rein vereinsintern, entspricht nicht den Förderkriterien"": 1, ""überwiegend vereinsintern, entspricht nicht den Förderkriterien"": 1, ""Gemeinschaftsprojekt, kein besonderer Heimatbezug für 2 Schecks"": 1, ""wiederkehrend"": 1, ""vereinsüblich, entspricht nicht den Förderkriterien"": 1, ""entspricht nicht den Förderkriterien, zum Teil wiederkehrend"": 1, ""vereinsintern, sanierung"": 1, ""entspricht nicht den Förderkriterien, laufende Betriebskosten"": 1, ""vereinstinern"": 1, ""nicht öffentlich zugänglich, entspricht nicht den Förderkriterien"": 1}";drs-17-9738;54
Starke Heimat Nordrhein-Westfalen;Heimat-Scheck;2019;Detmold;313;207;106;;gezaehlt;;"{""entspricht nicht den Förderkriterien"": 62, ""Sanierung / Instandhaltung"": 11, ""vereinsübliche Ausstattung"": 10, ""übliche Vereinsarbeit"": 5, ""zweiter Antrag für 2019"": 4, ""Beginn der Maßnahme vor Bewilligung"": 3, ""unvollständige Unterlagen"": 3, ""förderfähige Ausgaben zu gering"": 2, ""Sanierung / Instandhaltung, entspricht nicht den Förderkriterien"": 1, ""Anschaffung von Möbeln"": 1, ""entspricht nicht den Förderkriterien / keine Förderung von Medien"": 1, ""entspricht nicht den Förderkriterien (2. Antrag)"": 1, ""laufende Betriebs- und Personalkosten"": 1, ""regelmäßige Tätigkeit des Vereins / entspricht nicht den Förderkriterien"": 1}";drs-17-9738;85
Starke Heimat Nordrhein-Westfalen;Heimat-Scheck;2019;Düsseldorf;254;161;93;;gezaehlt;;"{""entspricht nicht den Förderkriterien"": 32, ""vereinsübliche Ausstattung"": 8, ""vorzeitiger Maßnahmenbeginn"": 7, ""Vereinsübliche Ausstattung"": 6, ""Vereinsübliche Ausstattung/ entspricht nicht den Förderkriterien"": 2, ""entspricht nicht den Förderkriterien/ Fehlende Kostenaufstellung"": 2, ""Vereinsübliche Austattung"": 2, ""Ausstattung Veranstaltung"": 1, ""entspricht nicht den Förderkriterien/ Verkehrskontrollschilder Speed-Display"": 1, ""Neue Uniform für Karneval. entspricht nicht den Förderkriterien"": 1, ""Neue Uniform für Tanzgarde/Vereinseigene Ausstattung"": 1, ""entspricht nicht den Förderkriterien/ Vereinsübliche Ausstattung"": 1, ""Vereinseigene Ausstattung/ Kinderkostüme Karneval"": 1, ""entspricht nicht den Förderkriterien/ Kunstprojekt /Doppelförderung"": 1, ""Vereinsübliche Austattung/ Karnevalsorden"": 1, ""Vereinsausstattung/ entspricht nicht den Förderkriterien"": 1, ""Sanierungsmaßnahme Vereinsanlage, entspricht nicht den Förderkriterien"": 1, ""vereinsübliche Ausstattung / Fortbildungskosten"": 1, ""entspricht nicht den Förderkriterien/ Fehlende Antragsberechtigung wegen weiterem Heimat-Scheck"": 1, ""Allgemeine Ausgaben für Wiederkehrende Veranstaltung"": 1, ""entspricht nicht den Förderkriterien / fehlende Kostenaufstellung"": 1, ""entspricht nicht den Förderkriterien / vorzeitiger Maßnahmenbeginn"": 1, ""entspricht nicht den Förderkriterien / Ausstattung für Veranstaltung"": 1, ""Fehlende Antragsberechtigung/Komm unaler Antragssteller"": 1, ""Karnevalsumzug, entspricht nicht den Förderkriterien"": 1, ""entspricht nicht den Förderkriterien/ Anschaffung für einen Kunstprojekt"": 1, ""entspricht nicht den Förderkriterien / allgemeine Dorferneuerung"": 1, ""Fehlende Kostenaufstellung für Veranstaltung"": 1, ""entspricht nicht den Förderkriterien/Kommunale Anschaffung"": 1, ""entspricht nicht den Förderkriterien/ Werbe- Maßnahmen Einzelhandel"": 1, ""nicht antragsberechtigt"": 1, ""Vereinsübliche Ausstattung/ Festzelt Schützenfest"": 1, ""Sanierungsmaßnahme ohne Nutzungskonzept im Sinne der Förderkriterien"": 1, ""entspricht nicht den Förderkriterien/ Wiederkehrende gewerbliche Veranstaltung"": 1, ""Fehlende Antragsberechtigung/ Politische Partei"": 1, ""entspricht nicht den Förderkriterien/Förderung von Veranstaltung mit wirtschaftlichen Interesse"": 1, ""reine Bewirtschaftungskosten"": 1, ""Kirchenausstattung"": 1, ""Vereinsübliche Austattung/ Für Vereinsjubiläum"": 1, ""Vereinsübliche Ausstattung/ Erneuerung der Internetseite"": 1, ""fehlende Antragsberechtigung"": 1}";drs-17-9738;102
Starke Heimat Nordrhein-Westfalen;Heimat-Scheck;2019;Köln;378;195;183;;gezaehlt;;"{""entspricht nicht den Förderkriterien"": 107, ""Vereinsausstattung"": 66, ""regelmäßige Veranstaltung"": 4, ""bereits einen Scheck im Jahr 2019 erhalten"": 3, ""begrenzter Personenkreis"": 1, ""Kalenderjahr übergreifend, entspricht nicht den Förderkriterien"": 1, ""Kalenderjahr übergreifend"": 1}";drs-17-9738;115
Starke Heimat Nordrhein-Westfalen;Heimat-Scheck;2019;Münster;225;164;61;;gezaehlt;;"{""entspricht nicht den Förderkriterien"": 27, ""vorzeitiger Maßnahmenbeginn"": 8, ""vereinseigene Ausstattung"": 7, ""anderer Förderzugang"": 4, ""Zweitantrag"": 3, ""fehlende Mitwirkung"": 3, ""keine Antragsberechtigung"": 2, ""Eigenwerbung / vereinseigene Ausstattung"": 1, ""Durchführungszeitraum kann nicht eingehalten werden"": 1, ""entspricht nicht den Förderkriterien, kein abgegrenztes Projekt mit Bezug zu lokaler oder regionaler Heimatgeschichte"": 1, ""vereinseigene Ausstattung (Eigenwerbung)"": 1, ""rechtswirksame Antragstellung noch nicht möglich"": 1, ""Einnahmen"": 1, ""entspricht nicht den Förderkriterien (Eigenwerbung)"": 1}";drs-17-9738;130
Starke Heimat Nordrhein-Westfalen;Heimat-Werkstatt;2019;Arnsberg;6;2;4;;gezaehlt;;"{""entspricht nicht den Förderkriterien"": 2, ""Voraussetzungen für eine Heimat-Werkstatt nicht erfüllt, da keine gemeinsamen Diskussions- und Arbeitsprozesse und kein schlüssiges Finanz-/ Konzept"": 1, ""entspricht nicht den Förderkriterien zur Werkstatt"": 1}";drs-17-9738;54
Starke Heimat Nordrhein-Westfalen;Heimat-Werkstatt;2019;Detmold;4;3;1;;gezaehlt;;"{""Voraussetzungen der Fördergrundsätze \""Heimat- Werkstatt\"" nicht erfüllt"": 1}";drs-17-9738;91
Starke Heimat Nordrhein-Westfalen;Heimat-Werkstatt;2019;Düsseldorf;5;3;2;;gezaehlt;;"{""nicht förderfähig aus der Heimat-Werkstatt/ vereinsübliche Erstausstattung; kein Diskussionsprozess"": 1, ""entspricht nicht den Förderkriterien"": 1}";drs-17-9738;105
Starke Heimat Nordrhein-Westfalen;Heimat-Werkstatt;2019;Köln;7;2;5;;gezaehlt;;"{""entspricht nicht den Förderkriterien"": 2, ""Nicht antragsberechtigt"": 1, ""vorzeitiger Maßnahmenbeginn"": 1, ""keine gesichterte Gesamtfinanzierung"": 1}";drs-17-9738;130
Starke Heimat Nordrhein-Westfalen;Heimat-Werkstatt;2019;Münster;4;2;2;;gezaehlt;;"{""Antrag zurückgezogen"": 2}";drs-17-9738;133
Starke Heimat Nordrhein-Westfalen;Heimat-Zeugnis;2019;Arnsberg;17;5;12;;gezaehlt;;"{""entspricht nicht den Förderkriterien"": 6, ""entspricht nicht den Förderkriterien - Abgabe an die Dorferneuerung"": 2, ""entspricht nicht den Förderkriterien und fehlende Projektarbeit"": 2, ""entspricht nicht den Förderkriterien, Verein stellt ggf. nach Überarbeitung neuen Antrag"": 1, ""entspricht nicht den Förderkriterien - fehlende Projektarbeit und ausschließlich Sanierungskosten"": 1}";drs-17-9738;56
Starke Heimat Nordrhein-Westfalen;Heimat-Zeugnis;2019;Detmold;6;5;1;;gezaehlt;;"{""entspricht nicht den Förderkriterien/ keine Aufarbeitung und Präsentation lokaler und regionaler Besonderheiten"": 1}";drs-17-9738;85
Starke Heimat Nordrhein-Westfalen;Heimat-Zeugnis;2019;Düsseldorf;10;6;4;;gezaehlt;;"{""Kulturförderung, nicht förderfähig in der Heimatförderung"": 1, ""entspricht nicht den Förderkriterien"": 1, ""Eigenmittel"": 1, ""nicht förderfähig im Sinne der Heimatförderung, reine Finanzierung von Ausflugskosten für Senioren"": 1}";drs-17-9738;102
Starke Heimat Nordrhein-Westfalen;Heimat-Zeugnis;2019;Köln;5;4;1;;gezaehlt;;"{""entspricht nicht den Förderkriterien"": 1}";drs-17-9738;115
Starke Heimat Nordrhein-Westfalen;Heimat-Zeugnis;2019;Münster;6;0;6;;gezaehlt;;"{""entspricht nicht den Förderkriterien"": 2, ""keine institutionelle Förderung an LWL für Kerngeschäft"": 1, ""kein Heimatzeugnis, aber ggf.Heimat-Fonds"": 1, ""Antrag zurückgezogen"": 1, ""kein Förderzugang, ausschließllich Managementförderung"": 1}";drs-17-9738;132
Starke Heimat Nordrhein-Westfalen;Heimat-Scheck;2020;Düsseldorf;1;0;1;;gezaehlt;;"{""fehlende Kostenaufstellung"": 1}";drs-17-9738;102
Starke Heimat Nordrhein-Westfalen;Heimat-Fonds;2021;;33;31;2;539096.27;gemessen;;{};vorl-17-6633;9
Starke Heimat Nordrhein-Westfalen;Heimat-Preis;2021;;243;243;0;1395000.00;gemessen;;{};vorl-17-6633;9
Starke Heimat Nordrhein-Westfalen;Heimat-Scheck;2021;;1125;850;275;1700000.00;gemessen;;{};vorl-17-6633;9
Starke Heimat Nordrhein-Westfalen;Heimat-Werkstatt;2021;;46;40;6;2727081.65;gemessen;;{};vorl-17-6633;9
Starke Heimat Nordrhein-Westfalen;Heimat-Zeugnis;2021;;66;55;11;18779831.95;gemessen;;{};vorl-17-6633;9
Starke Heimat Nordrhein-Westfalen;;2021;;1513;1219;294;25141009.87;gemessen;;{};vorl-17-6633;9
Starke Heimat Nordrhein-Westfalen;;2024;Arnsberg;408;261;147;1250068.00;gemessen;;{};vorl-18-3926;6
Starke Heimat Nordrhein-Westfalen;;2024;Detmold;294;202;92;1729802.00;gemessen;;{};vorl-18-3926;6
Starke Heimat Nordrhein-Westfalen;;2024;Düsseldorf;227;162;65;1705400.00;gemessen;;{};vorl-18-3926;6
Starke Heimat Nordrhein-Westfalen;;2024;Köln;221;134;87;551769.00;gemessen;;{};vorl-18-3926;6
Starke Heimat Nordrhein-Westfalen;;2024;Münster;160;124;36;2068269.00;gemessen;;{};vorl-18-3926;6
Starke Heimat Nordrhein-Westfalen;;2024;;1310;883;427;7305308.00;gemessen;;{};vorl-18-3926;6
Starke Heimat Nordrhein-Westfalen;Heimat-Fonds;2025;;24;18;6;;gezaehlt;;"{""nicht den Förderkriterien"": 4, ""Instandhaltungsmaßnahme"": 1, ""Maßnahmenbeginn"": 1}";vorl-18-5027;15
Starke Heimat Nordrhein-Westfalen;Heimat-Preis;2025;;302;302;0;;gezaehlt;;{};vorl-18-5027;15
Starke Heimat Nordrhein-Westfalen;Heimat-Scheck;2025;;926;596;330;;gezaehlt;;"{""nicht den Förderkriterien"": 263, ""Maßnahme"": 27, ""Ausstattung"": 23, ""Instandhaltungsmaßnahme"": 6, ""nicht prüffähig"": 5, ""antragsberechtigt"": 4, ""Maßnahmenbeginn"": 1, ""1"": 1}";vorl-18-5027;15
Starke Heimat Nordrhein-Westfalen;Heimat-Werkstatt;2025;;25;16;9;;gezaehlt;;"{""nicht den Förderkriterien"": 6, ""antragsberechtigt"": 3}";vorl-18-5027;15
Starke Heimat Nordrhein-Westfalen;Heimat-Zeugnis;2025;;19;13;6;;gezaehlt;;"{""nicht den Förderkriterien"": 4, ""Maßnahme"": 1, ""antragsberechtigt"": 1}";vorl-18-5027;15
